i,j,k,facecolor
0,551,7,"rgb(255,0,0)"
7,8,0,"rgb(255,0,0)"
5,554,15,"rgb(255,0,0)"
15,16,5,"rgb(255,0,0)"
552,0,8,"rgb(255,0,0)"
8,9,552,"rgb(255,0,0)"
555,5,16,"rgb(255,0,0)"
16,17,555,"rgb(255,0,0)"
1,552,9,"rgb(255,0,0)"
9,10,1,"rgb(255,0,0)"
556,555,17,"rgb(255,0,0)"
17,18,556,"rgb(255,0,0)"
553,1,10,"rgb(255,0,0)"
10,11,553,"rgb(255,0,0)"
557,556,18,"rgb(255,0,0)"
18,19,557,"rgb(255,0,0)"
2,553,11,"rgb(255,0,0)"
11,12,2,"rgb(255,0,0)"
558,557,19,"rgb(255,0,0)"
19,20,558,"rgb(255,0,0)"
3,2,12,"rgb(255,0,0)"
12,13,3,"rgb(255,0,0)"
550,83,6,"rgb(255,0,0)"
358,558,20,"rgb(255,0,0)"
4,3,13,"rgb(255,0,0)"
13,14,4,"rgb(255,0,0)"
551,550,6,"rgb(255,0,0)"
6,7,551,"rgb(255,0,0)"
554,4,14,"rgb(255,0,0)"
14,15,554,"rgb(255,0,0)"
14,13,28,"rgb(255,0,0)"
28,29,14,"rgb(255,0,0)"
7,6,21,"rgb(255,0,0)"
21,22,7,"rgb(255,0,0)"
15,14,29,"rgb(255,0,0)"
29,30,15,"rgb(255,0,0)"
8,7,22,"rgb(255,0,0)"
22,23,8,"rgb(255,0,0)"
16,15,30,"rgb(255,0,0)"
30,31,16,"rgb(255,0,0)"
9,8,23,"rgb(255,0,0)"
23,24,9,"rgb(255,0,0)"
17,16,31,"rgb(255,0,0)"
31,32,17,"rgb(255,0,0)"
10,9,24,"rgb(255,0,0)"
24,25,10,"rgb(255,0,0)"
18,17,32,"rgb(255,0,0)"
32,33,18,"rgb(255,0,0)"
11,10,25,"rgb(255,0,0)"
25,26,11,"rgb(255,0,0)"
19,18,33,"rgb(255,0,0)"
33,34,19,"rgb(255,0,0)"
12,11,26,"rgb(255,0,0)"
26,27,12,"rgb(255,0,0)"
20,19,34,"rgb(255,0,0)"
34,35,20,"rgb(255,0,0)"
13,12,27,"rgb(255,0,0)"
27,28,13,"rgb(255,0,0)"
6,84,21,"rgb(255,0,0)"
357,20,35,"rgb(255,0,0)"
33,32,47,"rgb(255,0,0)"
47,48,33,"rgb(255,0,0)"
26,25,40,"rgb(255,0,0)"
40,41,26,"rgb(255,0,0)"
34,33,48,"rgb(255,0,0)"
48,49,34,"rgb(255,0,0)"
27,26,41,"rgb(255,0,0)"
41,42,27,"rgb(255,0,0)"
35,34,49,"rgb(255,0,0)"
49,50,35,"rgb(255,0,0)"
28,27,42,"rgb(255,0,0)"
42,43,28,"rgb(255,0,0)"
21,85,36,"rgb(255,0,0)"
356,35,50,"rgb(255,0,0)"
29,28,43,"rgb(255,0,0)"
43,44,29,"rgb(255,0,0)"
22,21,36,"rgb(255,0,0)"
36,37,22,"rgb(255,0,0)"
30,29,44,"rgb(255,0,0)"
44,45,30,"rgb(255,0,0)"
23,22,37,"rgb(255,0,0)"
37,38,23,"rgb(255,0,0)"
31,30,45,"rgb(255,0,0)"
45,46,31,"rgb(255,0,0)"
24,23,38,"rgb(255,0,0)"
38,39,24,"rgb(255,0,0)"
32,31,46,"rgb(255,0,0)"
46,47,32,"rgb(255,0,0)"
25,24,39,"rgb(255,0,0)"
39,40,25,"rgb(255,0,0)"
45,44,59,"rgb(255,0,0)"
59,60,45,"rgb(255,0,0)"
38,37,52,"rgb(255,0,0)"
52,53,38,"rgb(255,0,0)"
46,45,60,"rgb(255,0,0)"
60,61,46,"rgb(255,0,0)"
39,38,53,"rgb(255,0,0)"
53,54,39,"rgb(255,0,0)"
47,46,61,"rgb(255,0,0)"
61,62,47,"rgb(255,0,0)"
40,39,54,"rgb(255,0,0)"
54,55,40,"rgb(255,0,0)"
48,47,62,"rgb(255,0,0)"
62,63,48,"rgb(255,0,0)"
41,40,55,"rgb(255,0,0)"
55,56,41,"rgb(255,0,0)"
49,48,63,"rgb(255,0,0)"
63,64,49,"rgb(255,0,0)"
42,41,56,"rgb(255,0,0)"
56,57,42,"rgb(255,0,0)"
50,49,64,"rgb(255,0,0)"
64,65,50,"rgb(255,0,0)"
43,42,57,"rgb(255,0,0)"
57,58,43,"rgb(255,0,0)"
36,86,51,"rgb(255,0,0)"
355,50,65,"rgb(255,0,0)"
44,43,58,"rgb(255,0,0)"
58,59,44,"rgb(255,0,0)"
37,36,51,"rgb(255,0,0)"
51,52,37,"rgb(255,0,0)"
64,63,78,"rgb(255,0,0)"
78,79,64,"rgb(255,0,0)"
57,56,71,"rgb(255,0,0)"
71,72,57,"rgb(255,0,0)"
65,64,79,"rgb(255,0,0)"
79,80,65,"rgb(255,0,0)"
58,57,72,"rgb(255,0,0)"
72,73,58,"rgb(255,0,0)"
51,87,66,"rgb(255,0,0)"
368,65,80,"rgb(255,0,0)"
59,58,73,"rgb(255,0,0)"
73,74,59,"rgb(255,0,0)"
52,51,66,"rgb(255,0,0)"
66,67,52,"rgb(255,0,0)"
60,59,74,"rgb(255,0,0)"
74,75,60,"rgb(255,0,0)"
53,52,67,"rgb(255,0,0)"
67,68,53,"rgb(255,0,0)"
61,60,75,"rgb(255,0,0)"
75,76,61,"rgb(255,0,0)"
54,53,68,"rgb(255,0,0)"
68,69,54,"rgb(255,0,0)"
62,61,76,"rgb(255,0,0)"
76,77,62,"rgb(255,0,0)"
55,54,69,"rgb(255,0,0)"
69,70,55,"rgb(255,0,0)"
63,62,77,"rgb(255,0,0)"
77,78,63,"rgb(255,0,0)"
56,55,70,"rgb(255,0,0)"
70,71,56,"rgb(255,0,0)"
68,67,114,"rgb(255,0,0)"
114,115,68,"rgb(255,0,0)"
76,75,122,"rgb(255,0,0)"
122,123,76,"rgb(255,0,0)"
69,68,115,"rgb(255,0,0)"
115,116,69,"rgb(255,0,0)"
77,76,123,"rgb(255,0,0)"
123,124,77,"rgb(255,0,0)"
70,69,116,"rgb(255,0,0)"
116,117,70,"rgb(255,0,0)"
78,77,124,"rgb(255,0,0)"
124,125,78,"rgb(255,0,0)"
71,70,117,"rgb(255,0,0)"
117,118,71,"rgb(255,0,0)"
79,78,125,"rgb(255,0,0)"
125,126,79,"rgb(255,0,0)"
72,71,118,"rgb(255,0,0)"
118,119,72,"rgb(255,0,0)"
80,79,126,"rgb(255,0,0)"
126,127,80,"rgb(255,0,0)"
73,72,119,"rgb(255,0,0)"
119,120,73,"rgb(255,0,0)"
66,88,113,"rgb(255,0,0)"
354,80,127,"rgb(255,0,0)"
74,73,120,"rgb(255,0,0)"
120,121,74,"rgb(255,0,0)"
67,66,113,"rgb(255,0,0)"
113,114,67,"rgb(255,0,0)"
75,74,121,"rgb(255,0,0)"
121,122,75,"rgb(255,0,0)"
119,118,133,"rgb(255,0,0)"
133,134,119,"rgb(255,0,0)"
127,126,141,"rgb(255,0,0)"
141,142,127,"rgb(255,0,0)"
120,119,134,"rgb(255,0,0)"
134,135,120,"rgb(255,0,0)"
113,89,128,"rgb(255,0,0)"
352,127,142,"rgb(255,0,0)"
121,120,135,"rgb(255,0,0)"
135,136,121,"rgb(255,0,0)"
114,113,128,"rgb(255,0,0)"
128,129,114,"rgb(255,0,0)"
122,121,136,"rgb(255,0,0)"
136,137,122,"rgb(255,0,0)"
115,114,129,"rgb(255,0,0)"
129,130,115,"rgb(255,0,0)"
123,122,137,"rgb(255,0,0)"
137,138,123,"rgb(255,0,0)"
116,115,130,"rgb(255,0,0)"
130,131,116,"rgb(255,0,0)"
124,123,138,"rgb(255,0,0)"
138,139,124,"rgb(255,0,0)"
117,116,131,"rgb(255,0,0)"
131,132,117,"rgb(255,0,0)"
125,124,139,"rgb(255,0,0)"
139,140,125,"rgb(255,0,0)"
118,117,132,"rgb(255,0,0)"
132,133,118,"rgb(255,0,0)"
126,125,140,"rgb(255,0,0)"
140,141,126,"rgb(255,0,0)"
138,137,152,"rgb(255,0,0)"
152,153,138,"rgb(255,0,0)"
131,130,145,"rgb(255,0,0)"
145,146,131,"rgb(255,0,0)"
139,138,153,"rgb(255,0,0)"
153,154,139,"rgb(255,0,0)"
132,131,146,"rgb(255,0,0)"
146,147,132,"rgb(255,0,0)"
140,139,154,"rgb(255,0,0)"
154,155,140,"rgb(255,0,0)"
133,132,147,"rgb(255,0,0)"
147,148,133,"rgb(255,0,0)"
141,140,155,"rgb(255,0,0)"
155,156,141,"rgb(255,0,0)"
134,133,148,"rgb(255,0,0)"
148,149,134,"rgb(255,0,0)"
142,141,156,"rgb(255,0,0)"
156,157,142,"rgb(255,0,0)"
135,134,149,"rgb(255,0,0)"
149,150,135,"rgb(255,0,0)"
128,82,143,"rgb(255,0,0)"
351,142,157,"rgb(255,0,0)"
136,135,150,"rgb(255,0,0)"
150,151,136,"rgb(255,0,0)"
129,128,143,"rgb(255,0,0)"
143,144,129,"rgb(255,0,0)"
137,136,151,"rgb(255,0,0)"
151,152,137,"rgb(255,0,0)"
130,129,144,"rgb(255,0,0)"
144,145,130,"rgb(255,0,0)"
157,156,171,"rgb(255,0,0)"
171,172,157,"rgb(255,0,0)"
150,149,164,"rgb(255,0,0)"
164,165,150,"rgb(255,0,0)"
143,90,158,"rgb(255,0,0)"
350,157,172,"rgb(255,0,0)"
151,150,165,"rgb(255,0,0)"
165,166,151,"rgb(255,0,0)"
144,143,158,"rgb(255,0,0)"
158,159,144,"rgb(255,0,0)"
152,151,166,"rgb(255,0,0)"
166,167,152,"rgb(255,0,0)"
145,144,159,"rgb(255,0,0)"
159,160,145,"rgb(255,0,0)"
153,152,167,"rgb(255,0,0)"
167,168,153,"rgb(255,0,0)"
146,145,160,"rgb(255,0,0)"
160,161,146,"rgb(255,0,0)"
154,153,168,"rgb(255,0,0)"
168,169,154,"rgb(255,0,0)"
147,146,161,"rgb(255,0,0)"
161,162,147,"rgb(255,0,0)"
155,154,169,"rgb(255,0,0)"
169,170,155,"rgb(255,0,0)"
148,147,162,"rgb(255,0,0)"
162,163,148,"rgb(255,0,0)"
156,155,170,"rgb(255,0,0)"
170,171,156,"rgb(255,0,0)"
149,148,163,"rgb(255,0,0)"
163,164,149,"rgb(255,0,0)"
161,160,175,"rgb(255,0,0)"
175,176,161,"rgb(255,0,0)"
169,168,183,"rgb(255,0,0)"
183,184,169,"rgb(255,0,0)"
162,161,176,"rgb(255,0,0)"
176,177,162,"rgb(255,0,0)"
170,169,184,"rgb(255,0,0)"
184,185,170,"rgb(255,0,0)"
163,162,177,"rgb(255,0,0)"
177,178,163,"rgb(255,0,0)"
171,170,185,"rgb(255,0,0)"
185,186,171,"rgb(255,0,0)"
164,163,178,"rgb(255,0,0)"
178,179,164,"rgb(255,0,0)"
172,171,186,"rgb(255,0,0)"
186,187,172,"rgb(255,0,0)"
165,164,179,"rgb(255,0,0)"
179,180,165,"rgb(255,0,0)"
158,112,173,"rgb(255,0,0)"
349,172,187,"rgb(255,0,0)"
166,165,180,"rgb(255,0,0)"
180,181,166,"rgb(255,0,0)"
159,158,173,"rgb(255,0,0)"
173,174,159,"rgb(255,0,0)"
167,166,181,"rgb(255,0,0)"
181,182,167,"rgb(255,0,0)"
160,159,174,"rgb(255,0,0)"
174,175,160,"rgb(255,0,0)"
168,167,182,"rgb(255,0,0)"
182,183,168,"rgb(255,0,0)"
180,179,194,"rgb(255,0,0)"
194,195,180,"rgb(255,0,0)"
173,81,188,"rgb(255,0,0)"
348,187,202,"rgb(255,0,0)"
181,180,195,"rgb(255,0,0)"
195,196,181,"rgb(255,0,0)"
174,173,188,"rgb(255,0,0)"
188,189,174,"rgb(255,0,0)"
182,181,196,"rgb(255,0,0)"
196,197,182,"rgb(255,0,0)"
175,174,189,"rgb(255,0,0)"
189,190,175,"rgb(255,0,0)"
183,182,197,"rgb(255,0,0)"
197,198,183,"rgb(255,0,0)"
176,175,190,"rgb(255,0,0)"
190,191,176,"rgb(255,0,0)"
184,183,198,"rgb(255,0,0)"
198,199,184,"rgb(255,0,0)"
177,176,191,"rgb(255,0,0)"
191,192,177,"rgb(255,0,0)"
185,184,199,"rgb(255,0,0)"
199,200,185,"rgb(255,0,0)"
178,177,192,"rgb(255,0,0)"
192,193,178,"rgb(255,0,0)"
186,185,200,"rgb(255,0,0)"
200,201,186,"rgb(255,0,0)"
179,178,193,"rgb(255,0,0)"
193,194,179,"rgb(255,0,0)"
187,186,201,"rgb(255,0,0)"
201,202,187,"rgb(255,0,0)"
199,198,213,"rgb(255,0,0)"
213,214,199,"rgb(255,0,0)"
192,191,206,"rgb(255,0,0)"
206,207,192,"rgb(255,0,0)"
200,199,214,"rgb(255,0,0)"
214,215,200,"rgb(255,0,0)"
193,192,207,"rgb(255,0,0)"
207,208,193,"rgb(255,0,0)"
201,200,215,"rgb(255,0,0)"
215,216,201,"rgb(255,0,0)"
194,193,208,"rgb(255,0,0)"
208,209,194,"rgb(255,0,0)"
202,201,216,"rgb(255,0,0)"
216,217,202,"rgb(255,0,0)"
195,194,209,"rgb(255,0,0)"
209,210,195,"rgb(255,0,0)"
188,91,203,"rgb(255,0,0)"
347,202,217,"rgb(255,0,0)"
196,195,210,"rgb(255,0,0)"
210,211,196,"rgb(255,0,0)"
189,188,203,"rgb(255,0,0)"
203,204,189,"rgb(255,0,0)"
197,196,211,"rgb(255,0,0)"
211,212,197,"rgb(255,0,0)"
190,189,204,"rgb(255,0,0)"
204,205,190,"rgb(255,0,0)"
198,197,212,"rgb(255,0,0)"
212,213,198,"rgb(255,0,0)"
191,190,205,"rgb(255,0,0)"
205,206,191,"rgb(255,0,0)"
346,217,232,"rgb(255,0,0)"
211,210,225,"rgb(255,0,0)"
225,226,211,"rgb(255,0,0)"
204,203,218,"rgb(255,0,0)"
218,219,204,"rgb(255,0,0)"
212,211,226,"rgb(255,0,0)"
226,227,212,"rgb(255,0,0)"
205,204,219,"rgb(255,0,0)"
219,220,205,"rgb(255,0,0)"
213,212,227,"rgb(255,0,0)"
227,228,213,"rgb(255,0,0)"
206,205,220,"rgb(255,0,0)"
220,221,206,"rgb(255,0,0)"
214,213,228,"rgb(255,0,0)"
228,229,214,"rgb(255,0,0)"
207,206,221,"rgb(255,0,0)"
221,222,207,"rgb(255,0,0)"
215,214,229,"rgb(255,0,0)"
229,230,215,"rgb(255,0,0)"
208,207,222,"rgb(255,0,0)"
222,223,208,"rgb(255,0,0)"
216,215,230,"rgb(255,0,0)"
230,231,216,"rgb(255,0,0)"
209,208,223,"rgb(255,0,0)"
223,224,209,"rgb(255,0,0)"
217,216,231,"rgb(255,0,0)"
231,232,217,"rgb(255,0,0)"
210,209,224,"rgb(255,0,0)"
224,225,210,"rgb(255,0,0)"
203,110,218,"rgb(255,0,0)"
230,229,244,"rgb(255,0,0)"
244,245,230,"rgb(255,0,0)"
223,222,237,"rgb(255,0,0)"
237,238,223,"rgb(255,0,0)"
231,230,245,"rgb(255,0,0)"
245,246,231,"rgb(255,0,0)"
224,223,238,"rgb(255,0,0)"
238,239,224,"rgb(255,0,0)"
232,231,246,"rgb(255,0,0)"
246,247,232,"rgb(255,0,0)"
225,224,239,"rgb(255,0,0)"
239,240,225,"rgb(255,0,0)"
218,111,233,"rgb(255,0,0)"
345,232,247,"rgb(255,0,0)"
226,225,240,"rgb(255,0,0)"
240,241,226,"rgb(255,0,0)"
219,218,233,"rgb(255,0,0)"
233,234,219,"rgb(255,0,0)"
227,226,241,"rgb(255,0,0)"
241,242,227,"rgb(255,0,0)"
220,219,234,"rgb(255,0,0)"
234,235,220,"rgb(255,0,0)"
228,227,242,"rgb(255,0,0)"
242,243,228,"rgb(255,0,0)"
221,220,235,"rgb(255,0,0)"
235,236,221,"rgb(255,0,0)"
229,228,243,"rgb(255,0,0)"
243,244,229,"rgb(255,0,0)"
222,221,236,"rgb(255,0,0)"
236,237,222,"rgb(255,0,0)"
234,233,248,"rgb(255,0,0)"
248,249,234,"rgb(255,0,0)"
242,241,256,"rgb(255,0,0)"
256,257,242,"rgb(255,0,0)"
235,234,249,"rgb(255,0,0)"
249,250,235,"rgb(255,0,0)"
243,242,257,"rgb(255,0,0)"
257,258,243,"rgb(255,0,0)"
236,235,250,"rgb(255,0,0)"
250,251,236,"rgb(255,0,0)"
244,243,258,"rgb(255,0,0)"
258,259,244,"rgb(255,0,0)"
237,236,251,"rgb(255,0,0)"
251,252,237,"rgb(255,0,0)"
245,244,259,"rgb(255,0,0)"
259,260,245,"rgb(255,0,0)"
238,237,252,"rgb(255,0,0)"
252,253,238,"rgb(255,0,0)"
246,245,260,"rgb(255,0,0)"
260,261,246,"rgb(255,0,0)"
239,238,253,"rgb(255,0,0)"
253,254,239,"rgb(255,0,0)"
247,246,261,"rgb(255,0,0)"
261,262,247,"rgb(255,0,0)"
240,239,254,"rgb(255,0,0)"
254,255,240,"rgb(255,0,0)"
233,109,248,"rgb(255,0,0)"
344,247,262,"rgb(255,0,0)"
241,240,255,"rgb(255,0,0)"
255,256,241,"rgb(255,0,0)"
253,252,267,"rgb(255,0,0)"
267,268,253,"rgb(255,0,0)"
261,260,275,"rgb(255,0,0)"
275,276,261,"rgb(255,0,0)"
254,253,268,"rgb(255,0,0)"
268,269,254,"rgb(255,0,0)"
262,261,276,"rgb(255,0,0)"
276,277,262,"rgb(255,0,0)"
255,254,269,"rgb(255,0,0)"
269,270,255,"rgb(255,0,0)"
248,99,263,"rgb(255,0,0)"
343,262,277,"rgb(255,0,0)"
256,255,270,"rgb(255,0,0)"
270,271,256,"rgb(255,0,0)"
249,248,263,"rgb(255,0,0)"
263,264,249,"rgb(255,0,0)"
257,256,271,"rgb(255,0,0)"
271,272,257,"rgb(255,0,0)"
250,249,264,"rgb(255,0,0)"
264,265,250,"rgb(255,0,0)"
258,257,272,"rgb(255,0,0)"
272,273,258,"rgb(255,0,0)"
251,250,265,"rgb(255,0,0)"
265,266,251,"rgb(255,0,0)"
259,258,273,"rgb(255,0,0)"
273,274,259,"rgb(255,0,0)"
252,251,266,"rgb(255,0,0)"
266,267,252,"rgb(255,0,0)"
260,259,274,"rgb(255,0,0)"
274,275,260,"rgb(255,0,0)"
272,271,286,"rgb(255,0,0)"
286,287,272,"rgb(255,0,0)"
265,264,279,"rgb(255,0,0)"
279,280,265,"rgb(255,0,0)"
273,272,287,"rgb(255,0,0)"
287,288,273,"rgb(255,0,0)"
266,265,280,"rgb(255,0,0)"
280,281,266,"rgb(255,0,0)"
274,273,288,"rgb(255,0,0)"
288,289,274,"rgb(255,0,0)"
267,266,281,"rgb(255,0,0)"
281,282,267,"rgb(255,0,0)"
275,274,289,"rgb(255,0,0)"
289,290,275,"rgb(255,0,0)"
268,267,282,"rgb(255,0,0)"
282,283,268,"rgb(255,0,0)"
276,275,290,"rgb(255,0,0)"
290,291,276,"rgb(255,0,0)"
269,268,283,"rgb(255,0,0)"
283,284,269,"rgb(255,0,0)"
277,276,291,"rgb(255,0,0)"
291,292,277,"rgb(255,0,0)"
270,269,284,"rgb(255,0,0)"
284,285,270,"rgb(255,0,0)"
263,93,278,"rgb(255,0,0)"
339,277,292,"rgb(255,0,0)"
271,270,285,"rgb(255,0,0)"
285,286,271,"rgb(255,0,0)"
264,263,278,"rgb(255,0,0)"
278,279,264,"rgb(255,0,0)"
291,290,305,"rgb(255,0,0)"
305,306,291,"rgb(255,0,0)"
284,283,298,"rgb(255,0,0)"
298,299,284,"rgb(255,0,0)"
292,291,306,"rgb(255,0,0)"
306,307,292,"rgb(255,0,0)"
285,284,299,"rgb(255,0,0)"
299,300,285,"rgb(255,0,0)"
278,94,293,"rgb(255,0,0)"
342,292,307,"rgb(255,0,0)"
286,285,300,"rgb(255,0,0)"
300,301,286,"rgb(255,0,0)"
279,278,293,"rgb(255,0,0)"
293,294,279,"rgb(255,0,0)"
287,286,301,"rgb(255,0,0)"
301,302,287,"rgb(255,0,0)"
280,279,294,"rgb(255,0,0)"
294,295,280,"rgb(255,0,0)"
288,287,302,"rgb(255,0,0)"
302,303,288,"rgb(255,0,0)"
281,280,295,"rgb(255,0,0)"
295,296,281,"rgb(255,0,0)"
289,288,303,"rgb(255,0,0)"
303,304,289,"rgb(255,0,0)"
282,281,296,"rgb(255,0,0)"
296,297,282,"rgb(255,0,0)"
290,289,304,"rgb(255,0,0)"
304,305,290,"rgb(255,0,0)"
283,282,297,"rgb(255,0,0)"
297,298,283,"rgb(255,0,0)"
295,294,309,"rgb(255,0,0)"
309,310,295,"rgb(255,0,0)"
303,302,317,"rgb(255,0,0)"
317,318,303,"rgb(255,0,0)"
296,295,310,"rgb(255,0,0)"
310,311,296,"rgb(255,0,0)"
304,303,318,"rgb(255,0,0)"
318,319,304,"rgb(255,0,0)"
297,296,311,"rgb(255,0,0)"
311,312,297,"rgb(255,0,0)"
305,304,319,"rgb(255,0,0)"
319,320,305,"rgb(255,0,0)"
298,297,312,"rgb(255,0,0)"
312,313,298,"rgb(255,0,0)"
306,305,320,"rgb(255,0,0)"
320,321,306,"rgb(255,0,0)"
299,298,313,"rgb(255,0,0)"
313,314,299,"rgb(255,0,0)"
307,306,321,"rgb(255,0,0)"
321,322,307,"rgb(255,0,0)"
300,299,314,"rgb(255,0,0)"
314,315,300,"rgb(255,0,0)"
293,95,308,"rgb(255,0,0)"
341,307,322,"rgb(255,0,0)"
301,300,315,"rgb(255,0,0)"
315,316,301,"rgb(255,0,0)"
294,293,308,"rgb(255,0,0)"
308,309,294,"rgb(255,0,0)"
302,301,316,"rgb(255,0,0)"
316,317,302,"rgb(255,0,0)"
314,313,328,"rgb(255,0,0)"
328,329,314,"rgb(255,0,0)"
322,321,336,"rgb(255,0,0)"
336,337,322,"rgb(255,0,0)"
315,314,329,"rgb(255,0,0)"
329,330,315,"rgb(255,0,0)"
308,96,323,"rgb(255,0,0)"
340,322,337,"rgb(255,0,0)"
316,315,330,"rgb(255,0,0)"
330,331,316,"rgb(255,0,0)"
309,308,323,"rgb(255,0,0)"
323,324,309,"rgb(255,0,0)"
317,316,331,"rgb(255,0,0)"
331,332,317,"rgb(255,0,0)"
310,309,324,"rgb(255,0,0)"
324,325,310,"rgb(255,0,0)"
318,317,332,"rgb(255,0,0)"
332,333,318,"rgb(255,0,0)"
311,310,325,"rgb(255,0,0)"
325,326,311,"rgb(255,0,0)"
319,318,333,"rgb(255,0,0)"
333,334,319,"rgb(255,0,0)"
312,311,326,"rgb(255,0,0)"
326,327,312,"rgb(255,0,0)"
320,319,334,"rgb(255,0,0)"
334,335,320,"rgb(255,0,0)"
313,312,327,"rgb(255,0,0)"
327,328,313,"rgb(255,0,0)"
321,320,335,"rgb(255,0,0)"
335,336,321,"rgb(255,0,0)"
333,332,379,"rgb(255,0,0)"
379,380,333,"rgb(255,0,0)"
326,325,372,"rgb(255,0,0)"
372,373,326,"rgb(255,0,0)"
334,333,380,"rgb(255,0,0)"
380,381,334,"rgb(255,0,0)"
327,326,373,"rgb(255,0,0)"
373,374,327,"rgb(255,0,0)"
335,334,381,"rgb(255,0,0)"
381,382,335,"rgb(255,0,0)"
328,327,374,"rgb(255,0,0)"
374,375,328,"rgb(255,0,0)"
336,335,382,"rgb(255,0,0)"
382,383,336,"rgb(255,0,0)"
329,328,375,"rgb(255,0,0)"
375,376,329,"rgb(255,0,0)"
337,336,383,"rgb(255,0,0)"
383,384,337,"rgb(255,0,0)"
330,329,376,"rgb(255,0,0)"
376,377,330,"rgb(255,0,0)"
323,97,370,"rgb(255,0,0)"
353,337,384,"rgb(255,0,0)"
331,330,377,"rgb(255,0,0)"
377,378,331,"rgb(255,0,0)"
324,323,370,"rgb(255,0,0)"
370,371,324,"rgb(255,0,0)"
332,331,378,"rgb(255,0,0)"
378,379,332,"rgb(255,0,0)"
325,324,371,"rgb(255,0,0)"
371,372,325,"rgb(255,0,0)"
384,383,398,"rgb(255,0,0)"
398,399,384,"rgb(255,0,0)"
377,376,391,"rgb(255,0,0)"
391,392,377,"rgb(255,0,0)"
370,98,385,"rgb(255,0,0)"
369,384,399,"rgb(255,0,0)"
378,377,392,"rgb(255,0,0)"
392,393,378,"rgb(255,0,0)"
371,370,385,"rgb(255,0,0)"
385,386,371,"rgb(255,0,0)"
379,378,393,"rgb(255,0,0)"
393,394,379,"rgb(255,0,0)"
372,371,386,"rgb(255,0,0)"
386,387,372,"rgb(255,0,0)"
380,379,394,"rgb(255,0,0)"
394,395,380,"rgb(255,0,0)"
373,372,387,"rgb(255,0,0)"
387,388,373,"rgb(255,0,0)"
381,380,395,"rgb(255,0,0)"
395,396,381,"rgb(255,0,0)"
374,373,388,"rgb(255,0,0)"
388,389,374,"rgb(255,0,0)"
382,381,396,"rgb(255,0,0)"
396,397,382,"rgb(255,0,0)"
375,374,389,"rgb(255,0,0)"
389,390,375,"rgb(255,0,0)"
383,382,397,"rgb(255,0,0)"
397,398,383,"rgb(255,0,0)"
376,375,390,"rgb(255,0,0)"
390,391,376,"rgb(255,0,0)"
396,395,410,"rgb(255,0,0)"
410,411,396,"rgb(255,0,0)"
389,388,403,"rgb(255,0,0)"
403,404,389,"rgb(255,0,0)"
397,396,411,"rgb(255,0,0)"
411,412,397,"rgb(255,0,0)"
390,389,404,"rgb(255,0,0)"
404,405,390,"rgb(255,0,0)"
398,397,412,"rgb(255,0,0)"
412,413,398,"rgb(255,0,0)"
391,390,405,"rgb(255,0,0)"
405,406,391,"rgb(255,0,0)"
399,398,413,"rgb(255,0,0)"
413,414,399,"rgb(255,0,0)"
392,391,406,"rgb(255,0,0)"
406,407,392,"rgb(255,0,0)"
385,100,400,"rgb(255,0,0)"
359,399,414,"rgb(255,0,0)"
393,392,407,"rgb(255,0,0)"
407,408,393,"rgb(255,0,0)"
386,385,400,"rgb(255,0,0)"
400,401,386,"rgb(255,0,0)"
394,393,408,"rgb(255,0,0)"
408,409,394,"rgb(255,0,0)"
387,386,401,"rgb(255,0,0)"
401,402,387,"rgb(255,0,0)"
395,394,409,"rgb(255,0,0)"
409,410,395,"rgb(255,0,0)"
388,387,402,"rgb(255,0,0)"
402,403,388,"rgb(255,0,0)"
400,107,416,"rgb(255,0,0)"
360,414,443,"rgb(255,0,0)"
408,407,429,"rgb(255,0,0)"
429,431,408,"rgb(255,0,0)"
401,400,416,"rgb(255,0,0)"
416,417,401,"rgb(255,0,0)"
409,408,431,"rgb(255,0,0)"
431,433,409,"rgb(255,0,0)"
402,401,417,"rgb(255,0,0)"
417,420,402,"rgb(255,0,0)"
410,409,433,"rgb(255,0,0)"
433,435,410,"rgb(255,0,0)"
403,402,420,"rgb(255,0,0)"
420,421,403,"rgb(255,0,0)"
411,410,435,"rgb(255,0,0)"
435,438,411,"rgb(255,0,0)"
404,403,421,"rgb(255,0,0)"
421,424,404,"rgb(255,0,0)"
412,411,438,"rgb(255,0,0)"
438,440,412,"rgb(255,0,0)"
405,404,424,"rgb(255,0,0)"
424,426,405,"rgb(255,0,0)"
413,412,440,"rgb(255,0,0)"
440,442,413,"rgb(255,0,0)"
406,405,426,"rgb(255,0,0)"
426,427,406,"rgb(255,0,0)"
414,413,442,"rgb(255,0,0)"
442,443,414,"rgb(255,0,0)"
407,406,427,"rgb(255,0,0)"
427,429,407,"rgb(255,0,0)"
423,422,448,"rgb(255,0,0)"
448,449,423,"rgb(255,0,0)"
439,437,456,"rgb(255,0,0)"
456,457,439,"rgb(255,0,0)"
425,423,449,"rgb(255,0,0)"
449,450,425,"rgb(255,0,0)"
441,439,457,"rgb(255,0,0)"
457,458,441,"rgb(255,0,0)"
428,425,450,"rgb(255,0,0)"
450,451,428,"rgb(255,0,0)"
444,441,458,"rgb(255,0,0)"
458,459,444,"rgb(255,0,0)"
430,428,451,"rgb(255,0,0)"
451,452,430,"rgb(255,0,0)"
415,92,445,"rgb(255,0,0)"
361,444,459,"rgb(255,0,0)"
432,430,452,"rgb(255,0,0)"
452,453,432,"rgb(255,0,0)"
418,415,445,"rgb(255,0,0)"
445,446,418,"rgb(255,0,0)"
434,432,453,"rgb(255,0,0)"
453,454,434,"rgb(255,0,0)"
419,418,446,"rgb(255,0,0)"
446,447,419,"rgb(255,0,0)"
436,434,454,"rgb(255,0,0)"
454,455,436,"rgb(255,0,0)"
422,419,447,"rgb(255,0,0)"
447,448,422,"rgb(255,0,0)"
437,436,455,"rgb(255,0,0)"
455,456,437,"rgb(255,0,0)"
453,452,467,"rgb(255,0,0)"
467,468,453,"rgb(255,0,0)"
446,445,460,"rgb(255,0,0)"
460,461,446,"rgb(255,0,0)"
454,453,468,"rgb(255,0,0)"
468,469,454,"rgb(255,0,0)"
447,446,461,"rgb(255,0,0)"
461,462,447,"rgb(255,0,0)"
455,454,469,"rgb(255,0,0)"
469,470,455,"rgb(255,0,0)"
448,447,462,"rgb(255,0,0)"
462,463,448,"rgb(255,0,0)"
456,455,470,"rgb(255,0,0)"
470,471,456,"rgb(255,0,0)"
449,448,463,"rgb(255,0,0)"
463,464,449,"rgb(255,0,0)"
457,456,471,"rgb(255,0,0)"
471,472,457,"rgb(255,0,0)"
450,449,464,"rgb(255,0,0)"
464,465,450,"rgb(255,0,0)"
458,457,472,"rgb(255,0,0)"
472,473,458,"rgb(255,0,0)"
451,450,465,"rgb(255,0,0)"
465,466,451,"rgb(255,0,0)"
459,458,473,"rgb(255,0,0)"
473,474,459,"rgb(255,0,0)"
452,451,466,"rgb(255,0,0)"
466,467,452,"rgb(255,0,0)"
445,101,460,"rgb(255,0,0)"
362,459,474,"rgb(255,0,0)"
472,471,486,"rgb(255,0,0)"
486,487,472,"rgb(255,0,0)"
465,464,479,"rgb(255,0,0)"
479,480,465,"rgb(255,0,0)"
473,472,487,"rgb(255,0,0)"
487,488,473,"rgb(255,0,0)"
466,465,480,"rgb(255,0,0)"
480,481,466,"rgb(255,0,0)"
474,473,488,"rgb(255,0,0)"
488,489,474,"rgb(255,0,0)"
467,466,481,"rgb(255,0,0)"
481,482,467,"rgb(255,0,0)"
460,102,475,"rgb(255,0,0)"
363,474,489,"rgb(255,0,0)"
468,467,482,"rgb(255,0,0)"
482,483,468,"rgb(255,0,0)"
461,460,475,"rgb(255,0,0)"
475,476,461,"rgb(255,0,0)"
469,468,483,"rgb(255,0,0)"
483,484,469,"rgb(255,0,0)"
462,461,476,"rgb(255,0,0)"
476,477,462,"rgb(255,0,0)"
470,469,484,"rgb(255,0,0)"
484,485,470,"rgb(255,0,0)"
463,462,477,"rgb(255,0,0)"
477,478,463,"rgb(255,0,0)"
471,470,485,"rgb(255,0,0)"
485,486,471,"rgb(255,0,0)"
464,463,478,"rgb(255,0,0)"
478,479,464,"rgb(255,0,0)"
476,475,490,"rgb(255,0,0)"
490,491,476,"rgb(255,0,0)"
484,483,498,"rgb(255,0,0)"
498,499,484,"rgb(255,0,0)"
477,476,491,"rgb(255,0,0)"
491,492,477,"rgb(255,0,0)"
485,484,499,"rgb(255,0,0)"
499,500,485,"rgb(255,0,0)"
478,477,492,"rgb(255,0,0)"
492,493,478,"rgb(255,0,0)"
486,485,500,"rgb(255,0,0)"
500,501,486,"rgb(255,0,0)"
479,478,493,"rgb(255,0,0)"
493,494,479,"rgb(255,0,0)"
487,486,501,"rgb(255,0,0)"
501,502,487,"rgb(255,0,0)"
480,479,494,"rgb(255,0,0)"
494,495,480,"rgb(255,0,0)"
488,487,502,"rgb(255,0,0)"
502,503,488,"rgb(255,0,0)"
481,480,495,"rgb(255,0,0)"
495,496,481,"rgb(255,0,0)"
489,488,503,"rgb(255,0,0)"
503,504,489,"rgb(255,0,0)"
482,481,496,"rgb(255,0,0)"
496,497,482,"rgb(255,0,0)"
475,103,490,"rgb(255,0,0)"
365,489,504,"rgb(255,0,0)"
483,482,497,"rgb(255,0,0)"
497,498,483,"rgb(255,0,0)"
495,494,509,"rgb(255,0,0)"
509,510,495,"rgb(255,0,0)"
503,502,517,"rgb(255,0,0)"
517,518,503,"rgb(255,0,0)"
496,495,510,"rgb(255,0,0)"
510,511,496,"rgb(255,0,0)"
504,503,518,"rgb(255,0,0)"
518,519,504,"rgb(255,0,0)"
497,496,511,"rgb(255,0,0)"
511,512,497,"rgb(255,0,0)"
490,104,505,"rgb(255,0,0)"
366,504,519,"rgb(255,0,0)"
498,497,512,"rgb(255,0,0)"
512,513,498,"rgb(255,0,0)"
491,490,505,"rgb(255,0,0)"
505,506,491,"rgb(255,0,0)"
499,498,513,"rgb(255,0,0)"
513,514,499,"rgb(255,0,0)"
492,491,506,"rgb(255,0,0)"
506,507,492,"rgb(255,0,0)"
500,499,514,"rgb(255,0,0)"
514,515,500,"rgb(255,0,0)"
493,492,507,"rgb(255,0,0)"
507,508,493,"rgb(255,0,0)"
501,500,515,"rgb(255,0,0)"
515,516,501,"rgb(255,0,0)"
494,493,508,"rgb(255,0,0)"
508,509,494,"rgb(255,0,0)"
502,501,516,"rgb(255,0,0)"
516,517,502,"rgb(255,0,0)"
514,513,528,"rgb(255,0,0)"
528,529,514,"rgb(255,0,0)"
507,506,521,"rgb(255,0,0)"
521,522,507,"rgb(255,0,0)"
515,514,529,"rgb(255,0,0)"
529,530,515,"rgb(255,0,0)"
508,507,522,"rgb(255,0,0)"
522,523,508,"rgb(255,0,0)"
516,515,530,"rgb(255,0,0)"
530,531,516,"rgb(255,0,0)"
509,508,523,"rgb(255,0,0)"
523,524,509,"rgb(255,0,0)"
517,516,531,"rgb(255,0,0)"
531,532,517,"rgb(255,0,0)"
510,509,524,"rgb(255,0,0)"
524,525,510,"rgb(255,0,0)"
518,517,532,"rgb(255,0,0)"
532,533,518,"rgb(255,0,0)"
511,510,525,"rgb(255,0,0)"
525,526,511,"rgb(255,0,0)"
519,518,533,"rgb(255,0,0)"
533,534,519,"rgb(255,0,0)"
512,511,526,"rgb(255,0,0)"
526,527,512,"rgb(255,0,0)"
505,105,520,"rgb(255,0,0)"
367,519,534,"rgb(255,0,0)"
513,512,527,"rgb(255,0,0)"
527,528,513,"rgb(255,0,0)"
506,505,520,"rgb(255,0,0)"
520,521,506,"rgb(255,0,0)"
533,532,547,"rgb(255,0,0)"
547,548,533,"rgb(255,0,0)"
526,525,540,"rgb(255,0,0)"
540,541,526,"rgb(255,0,0)"
534,533,548,"rgb(255,0,0)"
548,549,534,"rgb(255,0,0)"
527,526,541,"rgb(255,0,0)"
541,542,527,"rgb(255,0,0)"
520,106,535,"rgb(255,0,0)"
338,534,549,"rgb(255,0,0)"
528,527,542,"rgb(255,0,0)"
542,543,528,"rgb(255,0,0)"
521,520,535,"rgb(255,0,0)"
535,536,521,"rgb(255,0,0)"
529,528,543,"rgb(255,0,0)"
543,544,529,"rgb(255,0,0)"
522,521,536,"rgb(255,0,0)"
536,537,522,"rgb(255,0,0)"
530,529,544,"rgb(255,0,0)"
544,545,530,"rgb(255,0,0)"
523,522,537,"rgb(255,0,0)"
537,538,523,"rgb(255,0,0)"
531,530,545,"rgb(255,0,0)"
545,546,531,"rgb(255,0,0)"
524,523,538,"rgb(255,0,0)"
538,539,524,"rgb(255,0,0)"
532,531,546,"rgb(255,0,0)"
546,547,532,"rgb(255,0,0)"
525,524,539,"rgb(255,0,0)"
539,540,525,"rgb(255,0,0)"
545,544,554,"rgb(255,0,0)"
554,5,545,"rgb(255,0,0)"
538,537,0,"rgb(255,0,0)"
0,552,538,"rgb(255,0,0)"
546,545,5,"rgb(255,0,0)"
5,555,546,"rgb(255,0,0)"
539,538,552,"rgb(255,0,0)"
552,1,539,"rgb(255,0,0)"
547,546,555,"rgb(255,0,0)"
555,556,547,"rgb(255,0,0)"
540,539,1,"rgb(255,0,0)"
1,553,540,"rgb(255,0,0)"
548,547,556,"rgb(255,0,0)"
556,557,548,"rgb(255,0,0)"
541,540,553,"rgb(255,0,0)"
553,2,541,"rgb(255,0,0)"
549,548,557,"rgb(255,0,0)"
557,558,549,"rgb(255,0,0)"
542,541,2,"rgb(255,0,0)"
2,3,542,"rgb(255,0,0)"
535,108,550,"rgb(255,0,0)"
364,549,558,"rgb(255,0,0)"
543,542,3,"rgb(255,0,0)"
3,4,543,"rgb(255,0,0)"
536,535,550,"rgb(255,0,0)"
550,551,536,"rgb(255,0,0)"
544,543,4,"rgb(255,0,0)"
4,554,544,"rgb(255,0,0)"
537,536,551,"rgb(255,0,0)"
551,0,537,"rgb(255,0,0)"
